,REG_YYMM,CARD_SIDO_NM,STD_CLSS_NM,AMT
0,202004,강원,건강보조식품 소매업,88823988.0
1,202004,강원,골프장 운영업,4708346820.0
2,202004,강원,과실 및 채소 소매업,1121028924.0
3,202004,강원,관광 민예품 및 선물용품 소매업,14360780.0
4,202004,강원,그외 기타 분류안된 오락관련 서비스업,0.0
5,202004,강원,그외 기타 스포츠시설 운영업,227200.0
6,202004,강원,그외 기타 종합 소매업,507395430.0
7,202004,강원,기타 대형 종합 소매업,6131116990.0
8,202004,강원,기타 수상오락 서비스업,396000.0
9,202004,강원,기타 외국식 음식점업,987772116.0
10,202004,강원,기타 주점업,246880200.0
11,202004,강원,기타음식료품위주종합소매업,8507703658.0
12,202004,강원,내항 여객 운송업,912000.0
13,202004,강원,마사지업,20879000.0
14,202004,강원,면세점,0.0
15,202004,강원,버스 운송업,0.0
16,202004,강원,비알콜 음료점업,1044819431.0
17,202004,강원,빵 및 과자류 소매업,1194583596.0
18,202004,강원,서양식 음식점업,2019421463.0
19,202004,강원,수산물 소매업,563392870.0
20,202004,강원,슈퍼마켓,10958678802.0
21,202004,강원,스포츠 및 레크레이션 용품 임대업,2648186438.0
22,202004,강원,여관업,400095956.0
23,202004,강원,여행사업,59888700.0
24,202004,강원,욕탕업,143206014.0
25,202004,강원,육류 소매업,1844174786.0
26,202004,강원,일반유흥 주점업,950692205.0
27,202004,강원,일식 음식점업,1466631145.0
28,202004,강원,자동차 임대업,5798200.0
29,202004,강원,전시 및 행사 대행업,53275110.0
30,202004,강원,정기 항공 운송업,0.0
31,202004,강원,중식 음식점업,1416482365.0
32,202004,강원,차량용 가스 충전업,491474024.0
33,202004,강원,차량용 주유소 운영업,14353932582.0
34,202004,강원,체인화 편의점,8488324140.0
35,202004,강원,택시 운송업,37400.0
36,202004,강원,피자 햄버거 샌드위치 및 유사 음식점업,1361142676.0
37,202004,강원,한식 음식점업,20173514913.0
38,202004,강원,호텔업,144752778.0
39,202004,강원,화장품 및 방향제 소매업,476728251.0
40,202004,강원,휴양콘도 운영업,523228496.0
41,202004,경기,건강보조식품 소매업,1360437976.0
42,202004,경기,골프장 운영업,19988214572.0
43,202004,경기,과실 및 채소 소매업,9213165909.0
44,202004,경기,관광 민예품 및 선물용품 소매업,129909140.0
45,202004,경기,그외 기타 분류안된 오락관련 서비스업,0.0
46,202004,경기,그외 기타 스포츠시설 운영업,7033950.0
47,202004,경기,그외 기타 종합 소매업,9288705135.0
48,202004,경기,기타 대형 종합 소매업,132731071862.0
49,202004,경기,기타 수상오락 서비스업,68578335.0
50,202004,경기,기타 외국식 음식점업,9848557382.0
51,202004,경기,기타 주점업,1096914727.0
52,202004,경기,기타음식료품위주종합소매업,21294721905.0
53,202004,경기,내항 여객 운송업,589500.0
54,202004,경기,마사지업,290144331.0
55,202004,경기,면세점,0.0
56,202004,경기,버스 운송업,2390298880.0
57,202004,경기,비알콜 음료점업,13518847407.0
58,202004,경기,빵 및 과자류 소매업,14708371754.0
59,202004,경기,서양식 음식점업,21748501783.0
60,202004,경기,수산물 소매업,4443544579.0
61,202004,경기,슈퍼마켓,137074421417.0
62,202004,경기,스포츠 및 레크레이션 용품 임대업,16692850396.0
63,202004,경기,여관업,2875426197.0
64,202004,경기,여행사업,9283510.0
65,202004,경기,욕탕업,1314382180.0
66,202004,경기,육류 소매업,19878689466.0
67,202004,경기,일반유흥 주점업,4809913016.0
68,202004,경기,일식 음식점업,9723233526.0
69,202004,경기,자동차 임대업,1625263026.0
70,202004,경기,전시 및 행사 대행업,1222905622.0
71,202004,경기,정기 항공 운송업,0.0
72,202004,경기,중식 음식점업,15442870165.0
73,202004,경기,차량용 가스 충전업,2879312703.0
74,202004,경기,차량용 주유소 운영업,106061747080.0
75,202004,경기,체인화 편의점,95371769501.0
76,202004,경기,택시 운송업,132357700.0
77,202004,경기,피자 햄버거 샌드위치 및 유사 음식점업,16796105670.0
78,202004,경기,한식 음식점업,195984383590.0
79,202004,경기,호텔업,75892164.0
80,202004,경기,화장품 및 방향제 소매업,4413936292.0
81,202004,경기,휴양콘도 운영업,43732674.0
82,202004,경남,건강보조식품 소매업,297597119.0
83,202004,경남,골프장 운영업,5656875756.0
84,202004,경남,과실 및 채소 소매업,3191521734.0
85,202004,경남,관광 민예품 및 선물용품 소매업,57396530.0
86,202004,경남,그외 기타 분류안된 오락관련 서비스업,474000.0
87,202004,경남,그외 기타 스포츠시설 운영업,906600.0
88,202004,경남,그외 기타 종합 소매업,1132145650.0
89,202004,경남,기타 대형 종합 소매업,17723528930.0
90,202004,경남,기타 수상오락 서비스업,1264100.0
91,202004,경남,기타 외국식 음식점업,1466280756.0
92,202004,경남,기타 주점업,559661623.0
93,202004,경남,기타음식료품위주종합소매업,12981411385.0
94,202004,경남,내항 여객 운송업,30626900.0
95,202004,경남,마사지업,36839577.0
96,202004,경남,면세점,0.0
97,202004,경남,버스 운송업,326500.0
98,202004,경남,비알콜 음료점업,2992008824.0
99,202004,경남,빵 및 과자류 소매업,3635647794.0
100,202004,경남,서양식 음식점업,4242104356.0
101,202004,경남,수산물 소매업,928214556.0
102,202004,경남,슈퍼마켓,29212925358.0
103,202004,경남,스포츠 및 레크레이션 용품 임대업,4680802605.0
104,202004,경남,여관업,721721854.0
105,202004,경남,여행사업,92000.0
106,202004,경남,욕탕업,757799734.0
107,202004,경남,육류 소매업,5739060205.0
108,202004,경남,일반유흥 주점업,3666531061.0
109,202004,경남,일식 음식점업,2223093153.0
110,202004,경남,자동차 임대업,1021000.0
111,202004,경남,전시 및 행사 대행업,46009250.0
112,202004,경남,정기 항공 운송업,0.0
113,202004,경남,중식 음식점업,2655944612.0
114,202004,경남,차량용 가스 충전업,1117144263.0
115,202004,경남,차량용 주유소 운영업,35198687596.0
116,202004,경남,체인화 편의점,19930431171.0
117,202004,경남,택시 운송업,12454130.0
118,202004,경남,피자 햄버거 샌드위치 및 유사 음식점업,4248322750.0
119,202004,경남,한식 음식점업,50388568867.0
120,202004,경남,호텔업,19252450.0
121,202004,경남,화장품 및 방향제 소매업,1306924619.0
122,202004,경남,휴양콘도 운영업,77000480.0
123,202004,경북,건강보조식품 소매업,172058945.0
124,202004,경북,골프장 운영업,5934978475.0
125,202004,경북,과실 및 채소 소매업,2086163134.0
126,202004,경북,관광 민예품 및 선물용품 소매업,45788830.0
127,202004,경북,그외 기타 분류안된 오락관련 서비스업,0.0
128,202004,경북,그외 기타 스포츠시설 운영업,759300.0
129,202004,경북,그외 기타 종합 소매업,537089240.0
130,202004,경북,기타 대형 종합 소매업,12094595380.0
131,202004,경북,기타 수상오락 서비스업,850200.0
132,202004,경북,기타 외국식 음식점업,893967956.0
133,202004,경북,기타 주점업,252628665.0
134,202004,경북,기타음식료품위주종합소매업,9522862157.0
135,202004,경북,내항 여객 운송업,0.0
136,202004,경북,마사지업,8498000.0
137,202004,경북,면세점,0.0
138,202004,경북,버스 운송업,0.0
139,202004,경북,비알콜 음료점업,1731936144.0
140,202004,경북,빵 및 과자류 소매업,2172812290.0
141,202004,경북,서양식 음식점업,2441685881.0
142,202004,경북,수산물 소매업,1091363987.0
143,202004,경북,슈퍼마켓,26114020802.0
144,202004,경북,스포츠 및 레크레이션 용품 임대업,4492933008.0
145,202004,경북,여관업,262575027.0
146,202004,경북,여행사업,750000.0
147,202004,경북,욕탕업,268235325.0
148,202004,경북,육류 소매업,5721532260.0
149,202004,경북,일반유흥 주점업,875572865.0
150,202004,경북,일식 음식점업,986532995.0
151,202004,경북,자동차 임대업,1052000.0
152,202004,경북,전시 및 행사 대행업,48630790.0
153,202004,경북,정기 항공 운송업,0.0
154,202004,경북,중식 음식점업,1620590317.0
155,202004,경북,차량용 가스 충전업,1347460574.0
156,202004,경북,차량용 주유소 운영업,37306723635.0
157,202004,경북,체인화 편의점,12609712395.0
158,202004,경북,택시 운송업,423200.0
159,202004,경북,피자 햄버거 샌드위치 및 유사 음식점업,2338736050.0
160,202004,경북,한식 음식점업,29996160650.0
161,202004,경북,호텔업,36501326.0
162,202004,경북,화장품 및 방향제 소매업,852651535.0
163,202004,경북,휴양콘도 운영업,11427040.0
164,202004,광주,건강보조식품 소매업,315377018.0
165,202004,광주,골프장 운영업,263091400.0
166,202004,광주,과실 및 채소 소매업,2224358789.0
167,202004,광주,관광 민예품 및 선물용품 소매업,16928600.0
168,202004,광주,그외 기타 분류안된 오락관련 서비스업,0.0
169,202004,광주,그외 기타 스포츠시설 운영업,5095000.0
170,202004,광주,그외 기타 종합 소매업,1695501180.0
171,202004,광주,기타 대형 종합 소매업,7812544540.0
172,202004,광주,기타 수상오락 서비스업,0.0
173,202004,광주,기타 외국식 음식점업,761748325.0
174,202004,광주,기타 주점업,363403600.0
175,202004,광주,기타음식료품위주종합소매업,1005376023.0
176,202004,광주,내항 여객 운송업,0.0
177,202004,광주,마사지업,66805500.0
178,202004,광주,면세점,0.0
179,202004,광주,버스 운송업,6937000.0
180,202004,광주,비알콜 음료점업,2255023725.0
181,202004,광주,빵 및 과자류 소매업,2276558327.0
182,202004,광주,서양식 음식점업,3169037030.0
183,202004,광주,수산물 소매업,1125246752.0
184,202004,광주,슈퍼마켓,23125387608.0
185,202004,광주,스포츠 및 레크레이션 용품 임대업,3580146318.0
186,202004,광주,여관업,388700880.0
187,202004,광주,여행사업,0.0
188,202004,광주,욕탕업,281034986.0
189,202004,광주,육류 소매업,3394636863.0
190,202004,광주,일반유흥 주점업,794682920.0
191,202004,광주,일식 음식점업,844730660.0
192,202004,광주,자동차 임대업,1203200.0
193,202004,광주,전시 및 행사 대행업,5816180.0
194,202004,광주,정기 항공 운송업,0.0
195,202004,광주,중식 음식점업,1766495100.0
196,202004,광주,차량용 가스 충전업,829544265.0
197,202004,광주,차량용 주유소 운영업,13698819319.0
198,202004,광주,체인화 편의점,8750297700.0
199,202004,광주,택시 운송업,0.0
200,202004,광주,피자 햄버거 샌드위치 및 유사 음식점업,2014940678.0
201,202004,광주,한식 음식점업,26902695137.0
202,202004,광주,호텔업,31734468.0
203,202004,광주,화장품 및 방향제 소매업,1030347078.0
204,202004,광주,휴양콘도 운영업,0.0
205,202004,대구,건강보조식품 소매업,230309740.0
206,202004,대구,골프장 운영업,184223180.0
207,202004,대구,과실 및 채소 소매업,3220602970.0
208,202004,대구,관광 민예품 및 선물용품 소매업,16863200.0
209,202004,대구,그외 기타 분류안된 오락관련 서비스업,0.0
210,202004,대구,그외 기타 스포츠시설 운영업,272500.0
211,202004,대구,그외 기타 종합 소매업,1529685360.0
212,202004,대구,기타 대형 종합 소매업,18686829210.0
213,202004,대구,기타 수상오락 서비스업,136000.0
214,202004,대구,기타 외국식 음식점업,1017176415.0
215,202004,대구,기타 주점업,166295021.0
216,202004,대구,기타음식료품위주종합소매업,2142593586.0
217,202004,대구,내항 여객 운송업,0.0
218,202004,대구,마사지업,5825500.0
219,202004,대구,면세점,0.0
220,202004,대구,버스 운송업,0.0
221,202004,대구,비알콜 음료점업,2901719966.0
222,202004,대구,빵 및 과자류 소매업,3026378798.0
223,202004,대구,서양식 음식점업,4168709912.0
224,202004,대구,수산물 소매업,1476666685.0
225,202004,대구,슈퍼마켓,33493288913.0
226,202004,대구,스포츠 및 레크레이션 용품 임대업,3415302614.0
227,202004,대구,여관업,419083746.0
228,202004,대구,여행사업,0.0
229,202004,대구,욕탕업,184548712.0
230,202004,대구,육류 소매업,7003686303.0
231,202004,대구,일반유흥 주점업,404647675.0
232,202004,대구,일식 음식점업,1616650130.0
233,202004,대구,자동차 임대업,2050000.0
234,202004,대구,전시 및 행사 대행업,19985300.0
235,202004,대구,정기 항공 운송업,0.0
236,202004,대구,중식 음식점업,2297381700.0
237,202004,대구,차량용 가스 충전업,957527416.0
238,202004,대구,차량용 주유소 운영업,19617436264.0
239,202004,대구,체인화 편의점,13711842577.0
240,202004,대구,택시 운송업,3727366793.0
241,202004,대구,피자 햄버거 샌드위치 및 유사 음식점업,3408134550.0
242,202004,대구,한식 음식점업,33469324580.0
243,202004,대구,호텔업,65473090.0
244,202004,대구,화장품 및 방향제 소매업,1193823609.0
245,202004,대구,휴양콘도 운영업,0.0
246,202004,대전,건강보조식품 소매업,109723696.0
247,202004,대전,골프장 운영업,300589630.0
248,202004,대전,과실 및 채소 소매업,1218331616.0
249,202004,대전,관광 민예품 및 선물용품 소매업,17751703.0
250,202004,대전,그외 기타 분류안된 오락관련 서비스업,0.0
251,202004,대전,그외 기타 스포츠시설 운영업,223000.0
252,202004,대전,그외 기타 종합 소매업,1172924430.0
253,202004,대전,기타 대형 종합 소매업,7520953990.0
254,202004,대전,기타 수상오락 서비스업,0.0
255,202004,대전,기타 외국식 음식점업,915339439.0
256,202004,대전,기타 주점업,95258800.0
257,202004,대전,기타음식료품위주종합소매업,1619744818.0
258,202004,대전,내항 여객 운송업,0.0
259,202004,대전,마사지업,13052000.0
260,202004,대전,면세점,0.0
261,202004,대전,버스 운송업,0.0
262,202004,대전,비알콜 음료점업,1243708468.0
263,202004,대전,빵 및 과자류 소매업,1792919274.0
264,202004,대전,서양식 음식점업,2397269253.0
265,202004,대전,수산물 소매업,903848955.0
266,202004,대전,슈퍼마켓,9770856502.0
267,202004,대전,스포츠 및 레크레이션 용품 임대업,1151356984.0
268,202004,대전,여관업,246852273.0
269,202004,대전,여행사업,0.0
270,202004,대전,욕탕업,144131500.0
271,202004,대전,육류 소매업,2238450987.0
272,202004,대전,일반유흥 주점업,78185400.0
273,202004,대전,일식 음식점업,752855450.0
274,202004,대전,자동차 임대업,1693950.0
275,202004,대전,전시 및 행사 대행업,2519800.0
276,202004,대전,정기 항공 운송업,0.0
277,202004,대전,중식 음식점업,1372218075.0
278,202004,대전,차량용 가스 충전업,445284971.0
279,202004,대전,차량용 주유소 운영업,7951747747.0
280,202004,대전,체인화 편의점,6738448064.0
281,202004,대전,택시 운송업,0.0
282,202004,대전,피자 햄버거 샌드위치 및 유사 음식점업,1445139814.0
283,202004,대전,한식 음식점업,16670708886.0
284,202004,대전,호텔업,47555040.0
285,202004,대전,화장품 및 방향제 소매업,473177555.0
286,202004,대전,휴양콘도 운영업,0.0
287,202004,부산,건강보조식품 소매업,438551212.0
288,202004,부산,골프장 운영업,1783622558.0
289,202004,부산,과실 및 채소 소매업,3962032314.0
290,202004,부산,관광 민예품 및 선물용품 소매업,46779368.0
291,202004,부산,그외 기타 분류안된 오락관련 서비스업,0.0
292,202004,부산,그외 기타 스포츠시설 운영업,1629000.0
293,202004,부산,그외 기타 종합 소매업,1710323035.0
294,202004,부산,기타 대형 종합 소매업,54992682562.0
295,202004,부산,기타 수상오락 서비스업,668700.0
296,202004,부산,기타 외국식 음식점업,1650292290.0
297,202004,부산,기타 주점업,1267193680.0
298,202004,부산,기타음식료품위주종합소매업,1308285066.0
299,202004,부산,내항 여객 운송업,0.0
300,202004,부산,마사지업,30544000.0
301,202004,부산,면세점,0.0
302,202004,부산,버스 운송업,0.0
303,202004,부산,비알콜 음료점업,3926743794.0
304,202004,부산,빵 및 과자류 소매업,3859546548.0
305,202004,부산,서양식 음식점업,6470796624.0
306,202004,부산,수산물 소매업,898872262.0
307,202004,부산,슈퍼마켓,27372369290.0
308,202004,부산,스포츠 및 레크레이션 용품 임대업,5356907527.0
309,202004,부산,여관업,957360123.0
310,202004,부산,여행사업,6056000.0
311,202004,부산,욕탕업,1040985321.0
312,202004,부산,육류 소매업,5429642861.0
313,202004,부산,일반유흥 주점업,3013776915.0
314,202004,부산,일식 음식점업,2951597667.0
315,202004,부산,자동차 임대업,3188600.0
316,202004,부산,전시 및 행사 대행업,65294460.0
317,202004,부산,정기 항공 운송업,848086050.0
318,202004,부산,중식 음식점업,2931098534.0
319,202004,부산,차량용 가스 충전업,665855870.0
320,202004,부산,차량용 주유소 운영업,22870690607.0
321,202004,부산,체인화 편의점,21368820131.0
322,202004,부산,택시 운송업,3084453043.0
323,202004,부산,피자 햄버거 샌드위치 및 유사 음식점업,4952974167.0
324,202004,부산,한식 음식점업,52978607795.0
325,202004,부산,호텔업,448651115.0
326,202004,부산,화장품 및 방향제 소매업,2142869925.0
327,202004,부산,휴양콘도 운영업,132210071.0
328,202004,서울,건강보조식품 소매업,1156967293.0
329,202004,서울,골프장 운영업,493581405.0
330,202004,서울,과실 및 채소 소매업,8526966927.0
331,202004,서울,관광 민예품 및 선물용품 소매업,79634230.0
332,202004,서울,그외 기타 분류안된 오락관련 서비스업,0.0
333,202004,서울,그외 기타 스포츠시설 운영업,23516300.0
334,202004,서울,그외 기타 종합 소매업,40888502165.0
335,202004,서울,기타 대형 종합 소매업,84095024578.0
336,202004,서울,기타 수상오락 서비스업,3289700.0
337,202004,서울,기타 외국식 음식점업,7824190369.0
338,202004,서울,기타 주점업,892363711.0
339,202004,서울,기타음식료품위주종합소매업,25412978369.0
340,202004,서울,내항 여객 운송업,1353672080.0
341,202004,서울,마사지업,182906911.0
342,202004,서울,면세점,588529.0
343,202004,서울,버스 운송업,3193966580.0
344,202004,서울,비알콜 음료점업,27834586054.0
345,202004,서울,빵 및 과자류 소매업,14072395519.0
346,202004,서울,서양식 음식점업,36258609098.0
347,202004,서울,수산물 소매업,3563053604.0
348,202004,서울,슈퍼마켓,86367793756.0
349,202004,서울,스포츠 및 레크레이션 용품 임대업,17068547405.0
350,202004,서울,여관업,2187688502.0
351,202004,서울,여행사업,192855081.0
352,202004,서울,욕탕업,1348719312.0
353,202004,서울,육류 소매업,14672370520.0
354,202004,서울,일반유흥 주점업,1487088143.0
355,202004,서울,일식 음식점업,15904595225.0
356,202004,서울,자동차 임대업,164255851.0
357,202004,서울,전시 및 행사 대행업,159844225.0
358,202004,서울,정기 항공 운송업,2706958444.0
359,202004,서울,중식 음식점업,15245490800.0
360,202004,서울,차량용 가스 충전업,669177015.0
361,202004,서울,차량용 주유소 운영업,27317016698.0
362,202004,서울,체인화 편의점,81252902231.0
363,202004,서울,택시 운송업,80156854729.0
364,202004,서울,피자 햄버거 샌드위치 및 유사 음식점업,18784292007.0
365,202004,서울,한식 음식점업,160157294218.0
366,202004,서울,호텔업,3349446397.0
367,202004,서울,화장품 및 방향제 소매업,15487789175.0
368,202004,서울,휴양콘도 운영업,0.0
369,202004,세종,건강보조식품 소매업,10704250.0
370,202004,세종,골프장 운영업,254821230.0
371,202004,세종,과실 및 채소 소매업,406198970.0
372,202004,세종,관광 민예품 및 선물용품 소매업,0.0
373,202004,세종,그외 기타 분류안된 오락관련 서비스업,0.0
374,202004,세종,그외 기타 스포츠시설 운영업,0.0
375,202004,세종,그외 기타 종합 소매업,6544958.0
376,202004,세종,기타 대형 종합 소매업,1560773340.0
377,202004,세종,기타 수상오락 서비스업,0.0
378,202004,세종,기타 외국식 음식점업,127254211.0
379,202004,세종,기타 주점업,3555000.0
380,202004,세종,기타음식료품위주종합소매업,790852196.0
381,202004,세종,내항 여객 운송업,0.0
382,202004,세종,마사지업,0.0
383,202004,세종,면세점,0.0
384,202004,세종,버스 운송업,0.0
385,202004,세종,비알콜 음료점업,239223059.0
386,202004,세종,빵 및 과자류 소매업,293703231.0
387,202004,세종,서양식 음식점업,420718140.0
388,202004,세종,수산물 소매업,52384180.0
389,202004,세종,슈퍼마켓,1519803740.0
390,202004,세종,스포츠 및 레크레이션 용품 임대업,241369385.0
391,202004,세종,여관업,4071000.0
392,202004,세종,여행사업,0.0
393,202004,세종,욕탕업,15686700.0
394,202004,세종,육류 소매업,392696458.0
395,202004,세종,일반유흥 주점업,12495000.0
396,202004,세종,일식 음식점업,107051600.0
397,202004,세종,자동차 임대업,0.0
398,202004,세종,전시 및 행사 대행업,480500.0
399,202004,세종,정기 항공 운송업,0.0
400,202004,세종,중식 음식점업,288609365.0
401,202004,세종,차량용 가스 충전업,37993840.0
402,202004,세종,차량용 주유소 운영업,2047101769.0
403,202004,세종,체인화 편의점,1228865880.0
404,202004,세종,택시 운송업,0.0
405,202004,세종,피자 햄버거 샌드위치 및 유사 음식점업,288634738.0
406,202004,세종,한식 음식점업,2588069335.0
407,202004,세종,호텔업,0.0
408,202004,세종,화장품 및 방향제 소매업,47521985.0
409,202004,세종,휴양콘도 운영업,0.0
410,202004,울산,건강보조식품 소매업,72624594.0
411,202004,울산,골프장 운영업,708743300.0
412,202004,울산,과실 및 채소 소매업,909998345.0
413,202004,울산,관광 민예품 및 선물용품 소매업,3203500.0
414,202004,울산,그외 기타 분류안된 오락관련 서비스업,0.0
415,202004,울산,그외 기타 스포츠시설 운영업,78000.0
416,202004,울산,그외 기타 종합 소매업,2464234430.0
417,202004,울산,기타 대형 종합 소매업,6974734186.0
418,202004,울산,기타 수상오락 서비스업,156000.0
419,202004,울산,기타 외국식 음식점업,578104954.0
420,202004,울산,기타 주점업,285441900.0
421,202004,울산,기타음식료품위주종합소매업,1625681518.0
422,202004,울산,내항 여객 운송업,0.0
423,202004,울산,마사지업,32350000.0
424,202004,울산,면세점,0.0
425,202004,울산,버스 운송업,1161600.0
426,202004,울산,비알콜 음료점업,1126923255.0
427,202004,울산,빵 및 과자류 소매업,1200194012.0
428,202004,울산,서양식 음식점업,1652605303.0
429,202004,울산,수산물 소매업,371120480.0
430,202004,울산,슈퍼마켓,11111795598.0
431,202004,울산,스포츠 및 레크레이션 용품 임대업,1488939609.0
432,202004,울산,여관업,251909895.0
433,202004,울산,여행사업,131500.0
434,202004,울산,욕탕업,323218306.0
435,202004,울산,육류 소매업,3217148789.0
436,202004,울산,일반유흥 주점업,1112890670.0
437,202004,울산,일식 음식점업,592828429.0
438,202004,울산,자동차 임대업,1870000.0
439,202004,울산,전시 및 행사 대행업,1841500.0
440,202004,울산,정기 항공 운송업,0.0
441,202004,울산,중식 음식점업,985038949.0
442,202004,울산,차량용 가스 충전업,270609790.0
443,202004,울산,차량용 주유소 운영업,10845543869.0
444,202004,울산,체인화 편의점,6808682220.0
445,202004,울산,택시 운송업,0.0
446,202004,울산,피자 햄버거 샌드위치 및 유사 음식점업,1530544761.0
447,202004,울산,한식 음식점업,17631679636.0
448,202004,울산,호텔업,96333694.0
449,202004,울산,화장품 및 방향제 소매업,445346830.0
450,202004,울산,휴양콘도 운영업,0.0
451,202004,인천,건강보조식품 소매업,316202014.0
452,202004,인천,골프장 운영업,2293218740.0
453,202004,인천,과실 및 채소 소매업,3161934467.0
454,202004,인천,관광 민예품 및 선물용품 소매업,12067400.0
455,202004,인천,그외 기타 분류안된 오락관련 서비스업,0.0
456,202004,인천,그외 기타 스포츠시설 운영업,2954500.0
457,202004,인천,그외 기타 종합 소매업,90962496.0
458,202004,인천,기타 대형 종합 소매업,20538585700.0
459,202004,인천,기타 수상오락 서비스업,16309800.0
460,202004,인천,기타 외국식 음식점업,2287662284.0
461,202004,인천,기타 주점업,481068859.0
462,202004,인천,기타음식료품위주종합소매업,1460306959.0
463,202004,인천,내항 여객 운송업,172198550.0
464,202004,인천,마사지업,67775720.0
465,202004,인천,면세점,48785111.0
466,202004,인천,버스 운송업,0.0
467,202004,인천,비알콜 음료점업,2806445665.0
468,202004,인천,빵 및 과자류 소매업,2709940228.0
469,202004,인천,서양식 음식점업,3539338471.0
470,202004,인천,수산물 소매업,1507943437.0
471,202004,인천,슈퍼마켓,27934203518.0
472,202004,인천,스포츠 및 레크레이션 용품 임대업,4899485977.0
473,202004,인천,여관업,780494757.0
474,202004,인천,여행사업,1053000.0
475,202004,인천,욕탕업,311951884.0
476,202004,인천,육류 소매업,4065624323.0
477,202004,인천,일반유흥 주점업,1144926783.0
478,202004,인천,일식 음식점업,2092555486.0
479,202004,인천,자동차 임대업,2158600.0
480,202004,인천,전시 및 행사 대행업,147558070.0
481,202004,인천,정기 항공 운송업,170396810.0
482,202004,인천,중식 음식점업,2654296871.0
483,202004,인천,차량용 가스 충전업,497622038.0
484,202004,인천,차량용 주유소 운영업,18970481929.0
485,202004,인천,체인화 편의점,18669417919.0
486,202004,인천,택시 운송업,112094790.0
487,202004,인천,피자 햄버거 샌드위치 및 유사 음식점업,3143060007.0
488,202004,인천,한식 음식점업,37680816668.0
489,202004,인천,호텔업,176878524.0
490,202004,인천,화장품 및 방향제 소매업,877812546.0
491,202004,인천,휴양콘도 운영업,0.0
492,202004,전남,건강보조식품 소매업,138438499.0
493,202004,전남,골프장 운영업,3728498766.0
494,202004,전남,과실 및 채소 소매업,2367429730.0
495,202004,전남,관광 민예품 및 선물용품 소매업,10058200.0
496,202004,전남,그외 기타 분류안된 오락관련 서비스업,0.0
497,202004,전남,그외 기타 스포츠시설 운영업,3877000.0
498,202004,전남,그외 기타 종합 소매업,2964166320.0
499,202004,전남,기타 대형 종합 소매업,7832311551.0
500,202004,전남,기타 수상오락 서비스업,0.0
501,202004,전남,기타 외국식 음식점업,628284939.0
502,202004,전남,기타 주점업,568372673.0
503,202004,전남,기타음식료품위주종합소매업,9769655304.0
504,202004,전남,내항 여객 운송업,21049800.0
505,202004,전남,마사지업,74054000.0
506,202004,전남,면세점,0.0
507,202004,전남,버스 운송업,3640460.0
508,202004,전남,비알콜 음료점업,1502609850.0
509,202004,전남,빵 및 과자류 소매업,1592559613.0
510,202004,전남,서양식 음식점업,2286245463.0
511,202004,전남,수산물 소매업,1003520858.0
512,202004,전남,슈퍼마켓,13953874579.0
513,202004,전남,스포츠 및 레크레이션 용품 임대업,2940249445.0
514,202004,전남,여관업,463100239.0
515,202004,전남,여행사업,4335000.0
516,202004,전남,욕탕업,214853840.0
517,202004,전남,육류 소매업,2595911234.0
518,202004,전남,일반유흥 주점업,1487851801.0
519,202004,전남,일식 음식점업,1022061486.0
520,202004,전남,자동차 임대업,1356600.0
521,202004,전남,전시 및 행사 대행업,130082150.0
522,202004,전남,정기 항공 운송업,0.0
523,202004,전남,중식 음식점업,1417482714.0
524,202004,전남,차량용 가스 충전업,867244500.0
525,202004,전남,차량용 주유소 운영업,22342252339.0
526,202004,전남,체인화 편의점,7642729458.0
527,202004,전남,택시 운송업,0.0
528,202004,전남,피자 햄버거 샌드위치 및 유사 음식점업,1483592930.0
529,202004,전남,한식 음식점업,26175599494.0
530,202004,전남,호텔업,17609100.0
531,202004,전남,화장품 및 방향제 소매업,562304314.0
532,202004,전남,휴양콘도 운영업,171459544.0
533,202004,전북,건강보조식품 소매업,201644003.0
534,202004,전북,골프장 운영업,1977712412.0
535,202004,전북,과실 및 채소 소매업,1875486968.0
536,202004,전북,관광 민예품 및 선물용품 소매업,32103700.0
537,202004,전북,그외 기타 분류안된 오락관련 서비스업,0.0
538,202004,전북,그외 기타 스포츠시설 운영업,1654000.0
539,202004,전북,그외 기타 종합 소매업,876233490.0
540,202004,전북,기타 대형 종합 소매업,9785414660.0
541,202004,전북,기타 수상오락 서비스업,79000.0
542,202004,전북,기타 외국식 음식점업,1384422513.0
543,202004,전북,기타 주점업,263988258.0
544,202004,전북,기타음식료품위주종합소매업,4656337781.0
545,202004,전북,내항 여객 운송업,0.0
546,202004,전북,마사지업,41498900.0
547,202004,전북,면세점,0.0
548,202004,전북,버스 운송업,68800.0
549,202004,전북,비알콜 음료점업,1844117199.0
550,202004,전북,빵 및 과자류 소매업,1885233158.0
551,202004,전북,서양식 음식점업,2839453283.0
552,202004,전북,수산물 소매업,1209146956.0
553,202004,전북,슈퍼마켓,18301585167.0
554,202004,전북,스포츠 및 레크레이션 용품 임대업,3720212364.0
555,202004,전북,여관업,350441580.0
556,202004,전북,여행사업,631700.0
557,202004,전북,욕탕업,287580601.0
558,202004,전북,육류 소매업,3214693013.0
559,202004,전북,일반유흥 주점업,602481610.0
560,202004,전북,일식 음식점업,1159550015.0
561,202004,전북,자동차 임대업,5598824.0
562,202004,전북,전시 및 행사 대행업,24966550.0
563,202004,전북,정기 항공 운송업,648400.0
564,202004,전북,중식 음식점업,2063085280.0
565,202004,전북,차량용 가스 충전업,1110303691.0
566,202004,전북,차량용 주유소 운영업,23798714513.0
567,202004,전북,체인화 편의점,8765784416.0
568,202004,전북,택시 운송업,1074300.0
569,202004,전북,피자 햄버거 샌드위치 및 유사 음식점업,1804877659.0
570,202004,전북,한식 음식점업,24667125030.0
571,202004,전북,호텔업,1021700.0
572,202004,전북,화장품 및 방향제 소매업,878548953.0
573,202004,전북,휴양콘도 운영업,23579042.0
574,202004,제주,건강보조식품 소매업,87493979.0
575,202004,제주,골프장 운영업,1506890335.0
576,202004,제주,과실 및 채소 소매업,714260495.0
577,202004,제주,관광 민예품 및 선물용품 소매업,60299000.0
578,202004,제주,그외 기타 분류안된 오락관련 서비스업,210300.0
579,202004,제주,그외 기타 스포츠시설 운영업,0.0
580,202004,제주,그외 기타 종합 소매업,2589314730.0
581,202004,제주,기타 대형 종합 소매업,4357437110.0
582,202004,제주,기타 수상오락 서비스업,2166000.0
583,202004,제주,기타 외국식 음식점업,428668796.0
584,202004,제주,기타 주점업,903659615.0
585,202004,제주,기타음식료품위주종합소매업,3847643775.0
586,202004,제주,내항 여객 운송업,74091700.0
587,202004,제주,마사지업,1450000.0
588,202004,제주,면세점,3411668375.0
589,202004,제주,버스 운송업,0.0
590,202004,제주,비알콜 음료점업,817857801.0
591,202004,제주,빵 및 과자류 소매업,1078891244.0
592,202004,제주,서양식 음식점업,1831675095.0
593,202004,제주,수산물 소매업,572603677.0
594,202004,제주,슈퍼마켓,10606898097.0
595,202004,제주,스포츠 및 레크레이션 용품 임대업,2127300958.0
596,202004,제주,여관업,294412340.0
597,202004,제주,여행사업,3145380.0
598,202004,제주,욕탕업,173163038.0
599,202004,제주,육류 소매업,989695937.0
600,202004,제주,일반유흥 주점업,1646347585.0
601,202004,제주,일식 음식점업,1025126167.0
602,202004,제주,자동차 임대업,234248890.0
603,202004,제주,전시 및 행사 대행업,84385005.0
604,202004,제주,정기 항공 운송업,390046134.0
605,202004,제주,중식 음식점업,900175477.0
606,202004,제주,차량용 가스 충전업,525076268.0
607,202004,제주,차량용 주유소 운영업,7433708818.0
608,202004,제주,체인화 편의점,6245917381.0
609,202004,제주,택시 운송업,536220.0
610,202004,제주,피자 햄버거 샌드위치 및 유사 음식점업,986213544.0
611,202004,제주,한식 음식점업,16409046283.0
612,202004,제주,호텔업,462436995.0
613,202004,제주,화장품 및 방향제 소매업,497602888.0
614,202004,제주,휴양콘도 운영업,70527298.0
615,202004,충남,건강보조식품 소매업,715323765.0
616,202004,충남,골프장 운영업,1828685105.0
617,202004,충남,과실 및 채소 소매업,1686501920.0
618,202004,충남,관광 민예품 및 선물용품 소매업,27716340.0
619,202004,충남,그외 기타 분류안된 오락관련 서비스업,125000.0
620,202004,충남,그외 기타 스포츠시설 운영업,663500.0
621,202004,충남,그외 기타 종합 소매업,2162388707.0
622,202004,충남,기타 대형 종합 소매업,9617357299.0
623,202004,충남,기타 수상오락 서비스업,8844400.0
624,202004,충남,기타 외국식 음식점업,1324381432.0
625,202004,충남,기타 주점업,116505500.0
626,202004,충남,기타음식료품위주종합소매업,8482988937.0
627,202004,충남,내항 여객 운송업,0.0
628,202004,충남,마사지업,20429000.0
629,202004,충남,면세점,0.0
630,202004,충남,버스 운송업,505800.0
631,202004,충남,비알콜 음료점업,1460215916.0
632,202004,충남,빵 및 과자류 소매업,2087052862.0
633,202004,충남,서양식 음식점업,2423706111.0
634,202004,충남,수산물 소매업,1713270394.0
635,202004,충남,슈퍼마켓,15676479437.0
636,202004,충남,스포츠 및 레크레이션 용품 임대업,3189230705.0
637,202004,충남,여관업,379536165.0
638,202004,충남,여행사업,4745600.0
639,202004,충남,욕탕업,175697400.0
640,202004,충남,육류 소매업,3104506858.0
641,202004,충남,일반유흥 주점업,660805020.0
642,202004,충남,일식 음식점업,1298424173.0
643,202004,충남,자동차 임대업,0.0
644,202004,충남,전시 및 행사 대행업,16295200.0
645,202004,충남,정기 항공 운송업,0.0
646,202004,충남,중식 음식점업,2170572097.0
647,202004,충남,차량용 가스 충전업,802097058.0
648,202004,충남,차량용 주유소 운영업,26900536005.0
649,202004,충남,체인화 편의점,13530242326.0
650,202004,충남,택시 운송업,0.0
651,202004,충남,피자 햄버거 샌드위치 및 유사 음식점업,2074533637.0
652,202004,충남,한식 음식점업,26735017402.0
653,202004,충남,호텔업,10974256.0
654,202004,충남,화장품 및 방향제 소매업,1082119443.0
655,202004,충남,휴양콘도 운영업,50764330.0
656,202004,충북,건강보조식품 소매업,121810700.0
657,202004,충북,골프장 운영업,3706447370.0
658,202004,충북,과실 및 채소 소매업,841902124.0
659,202004,충북,관광 민예품 및 선물용품 소매업,24908790.0
660,202004,충북,그외 기타 분류안된 오락관련 서비스업,0.0
661,202004,충북,그외 기타 스포츠시설 운영업,1344000.0
662,202004,충북,그외 기타 종합 소매업,1918850860.0
663,202004,충북,기타 대형 종합 소매업,7153198260.0
664,202004,충북,기타 수상오락 서비스업,961000.0
665,202004,충북,기타 외국식 음식점업,1013263334.0
666,202004,충북,기타 주점업,142866000.0
667,202004,충북,기타음식료품위주종합소매업,3613105890.0
668,202004,충북,내항 여객 운송업,45000.0
669,202004,충북,마사지업,7556230.0
670,202004,충북,면세점,0.0
671,202004,충북,버스 운송업,0.0
672,202004,충북,비알콜 음료점업,927811197.0
673,202004,충북,빵 및 과자류 소매업,1379602199.0
674,202004,충북,서양식 음식점업,1537587236.0
675,202004,충북,수산물 소매업,262726878.0
676,202004,충북,슈퍼마켓,13810887399.0
677,202004,충북,스포츠 및 레크레이션 용품 임대업,2194100835.0
678,202004,충북,여관업,192804100.0
679,202004,충북,여행사업,0.0
680,202004,충북,욕탕업,124639165.0
681,202004,충북,육류 소매업,2613967691.0
682,202004,충북,일반유흥 주점업,403681685.0
683,202004,충북,일식 음식점업,746615936.0
684,202004,충북,자동차 임대업,305050.0
685,202004,충북,전시 및 행사 대행업,8980200.0
686,202004,충북,정기 항공 운송업,0.0
687,202004,충북,중식 음식점업,1389353970.0
688,202004,충북,차량용 가스 충전업,551006440.0
689,202004,충북,차량용 주유소 운영업,19010913488.0
690,202004,충북,체인화 편의점,8503265571.0
691,202004,충북,택시 운송업,1379350.0
692,202004,충북,피자 햄버거 샌드위치 및 유사 음식점업,1373635928.0
693,202004,충북,한식 음식점업,18911036160.0
694,202004,충북,호텔업,14121500.0
695,202004,충북,화장품 및 방향제 소매업,450507431.0
696,202004,충북,휴양콘도 운영업,9328420.0
697,202007,강원,건강보조식품 소매업,2019415512.7862105
698,202007,강원,골프장 운영업,7598521013.722706
699,202007,강원,과실 및 채소 소매업,5291839232.980192
700,202007,강원,관광 민예품 및 선물용품 소매업,162425980.13300037
701,202007,강원,그외 기타 분류안된 오락관련 서비스업,26507081.58493752
702,202007,강원,그외 기타 스포츠시설 운영업,85088074.08236751
703,202007,강원,그외 기타 종합 소매업,7515064522.702556
704,202007,강원,기타 대형 종합 소매업,21307545776.174767
705,202007,강원,기타 수상오락 서비스업,58513400.01006506
706,202007,강원,기타 외국식 음식점업,5230353789.622505
707,202007,강원,기타 주점업,5325625873.505486
708,202007,강원,기타음식료품위주종합소매업,31658892529.187397
709,202007,강원,내항 여객 운송업,207337198.57298356
710,202007,강원,마사지업,1637236673.307374
711,202007,강원,면세점,69089214.92193109
712,202007,강원,버스 운송업,13078145.97891372
713,202007,강원,비알콜 음료점업,884917459.7569039
714,202007,강원,빵 및 과자류 소매업,4299401653.342218
715,202007,강원,서양식 음식점업,4973018442.269076
716,202007,강원,수산물 소매업,2108174452.159257
717,202007,강원,슈퍼마켓,46585709117.43918
718,202007,강원,스포츠 및 레크레이션 용품 임대업,20047425844.96917
719,202007,강원,여관업,1586136473.0927207
720,202007,강원,여행사업,215276199.59727684
721,202007,강원,욕탕업,1650533308.6954358
722,202007,강원,육류 소매업,17467797167.206253
723,202007,강원,일반유흥 주점업,17242738870.41196
724,202007,강원,일식 음식점업,4483376433.18125
725,202007,강원,자동차 임대업,1278242826.795894
726,202007,강원,전시 및 행사 대행업,1224697454.0748162
727,202007,강원,정기 항공 운송업,14234421.228545398
728,202007,강원,중식 음식점업,4103658636.513471
729,202007,강원,차량용 가스 충전업,3386272919.3557553
730,202007,강원,차량용 주유소 운영업,46155876050.43395
731,202007,강원,체인화 편의점,8086482761.425185
732,202007,강원,택시 운송업,7620398.871638848
733,202007,강원,피자 햄버거 샌드위치 및 유사 음식점업,2066022185.0803108
734,202007,강원,한식 음식점업,34159752350.807457
735,202007,강원,호텔업,1258797513.7682867
736,202007,강원,화장품 및 방향제 소매업,4750913966.438903
737,202007,강원,휴양콘도 운영업,1958978784.855993
738,202007,경기,건강보조식품 소매업,9884280401.084156
739,202007,경기,골프장 운영업,29523473971.084427
740,202007,경기,과실 및 채소 소매업,28964385867.871918
741,202007,경기,관광 민예품 및 선물용품 소매업,723228629.0253282
742,202007,경기,그외 기타 분류안된 오락관련 서비스업,96536409.77720685
743,202007,경기,그외 기타 스포츠시설 운영업,394342470.6905931
744,202007,경기,그외 기타 종합 소매업,43353862556.03982
745,202007,경기,기타 대형 종합 소매업,380922453829.9309
746,202007,경기,기타 수상오락 서비스업,377468358.08800197
747,202007,경기,기타 외국식 음식점업,34034362343.42794
748,202007,경기,기타 주점업,19431626357.849125
749,202007,경기,기타음식료품위주종합소매업,85737555345.32005
750,202007,경기,내항 여객 운송업,86390631.92300747
751,202007,경기,마사지업,12543087234.800776
752,202007,경기,면세점,28631353.298634227
753,202007,경기,버스 운송업,5940643110.408907
754,202007,경기,비알콜 음료점업,14950835287.48521
755,202007,경기,빵 및 과자류 소매업,40765890589.033615
756,202007,경기,서양식 음식점업,52278632785.83155
757,202007,경기,수산물 소매업,17125074285.878002
758,202007,경기,슈퍼마켓,434480748708.1248
759,202007,경기,스포츠 및 레크레이션 용품 임대업,74584142248.64618
760,202007,경기,여관업,11400115585.956987
761,202007,경기,여행사업,3440006189.715427
762,202007,경기,욕탕업,14282053262.798674
763,202007,경기,육류 소매업,87648829203.4443
764,202007,경기,일반유흥 주점업,54407758191.43199
765,202007,경기,일식 음식점업,22667793327.156815
766,202007,경기,자동차 임대업,2014294232.3091757
767,202007,경기,전시 및 행사 대행업,7400156824.092102
768,202007,경기,정기 항공 운송업,30992873.692353204
769,202007,경기,중식 음식점업,27699138479.324276
770,202007,경기,차량용 가스 충전업,16349136474.725952
771,202007,경기,차량용 주유소 운영업,223479573721.6981
772,202007,경기,체인화 편의점,85993408699.5389
773,202007,경기,택시 운송업,337009287.8191917
774,202007,경기,피자 햄버거 샌드위치 및 유사 음식점업,23710052601.851685
775,202007,경기,한식 음식점업,307799738799.88226
776,202007,경기,호텔업,1253027676.474515
777,202007,경기,화장품 및 방향제 소매업,23150595599.704735
778,202007,경기,휴양콘도 운영업,300524428.7826673
779,202007,경남,건강보조식품 소매업,3652949757.903499
780,202007,경남,골프장 운영업,11459881224.458233
781,202007,경남,과실 및 채소 소매업,10689006152.816479
782,202007,경남,관광 민예품 및 선물용품 소매업,319525205.73187304
783,202007,경남,그외 기타 분류안된 오락관련 서비스업,55668966.742431566
784,202007,경남,그외 기타 스포츠시설 운영업,115480485.00832555
785,202007,경남,그외 기타 종합 소매업,7367740289.736784
786,202007,경남,기타 대형 종합 소매업,88755300001.66882
787,202007,경남,기타 수상오락 서비스업,69050151.06439848
788,202007,경남,기타 외국식 음식점업,9930392941.336023
789,202007,경남,기타 주점업,10229037491.890793
790,202007,경남,기타음식료품위주종합소매업,45580128673.084656
791,202007,경남,내항 여객 운송업,124071522.13325769
792,202007,경남,마사지업,3371482912.8595643
793,202007,경남,면세점,14542491.536501192
794,202007,경남,버스 운송업,39063197.3612641
795,202007,경남,비알콜 음료점업,5280420261.234096
796,202007,경남,빵 및 과자류 소매업,12059387414.696447
797,202007,경남,서양식 음식점업,16887749303.307789
798,202007,경남,수산물 소매업,6549927426.473437
799,202007,경남,슈퍼마켓,128553315411.3651
800,202007,경남,스포츠 및 레크레이션 용품 임대업,25031628646.280346
801,202007,경남,여관업,4478470491.443514
802,202007,경남,여행사업,1216395723.4423177
803,202007,경남,욕탕업,6173315037.493583
804,202007,경남,육류 소매업,27406702728.904144
805,202007,경남,일반유흥 주점업,34021128278.819553
806,202007,경남,일식 음식점업,6778937861.108022
807,202007,경남,자동차 임대업,1070994918.0816637
808,202007,경남,전시 및 행사 대행업,499942871.8464811
809,202007,경남,정기 항공 운송업,15202823.905686168
810,202007,경남,중식 음식점업,6342573770.174836
811,202007,경남,차량용 가스 충전업,7008641377.744602
812,202007,경남,차량용 주유소 운영업,123245222314.10168
813,202007,경남,체인화 편의점,23506755294.384285
814,202007,경남,택시 운송업,18290613.000918474
815,202007,경남,피자 햄버거 샌드위치 및 유사 음식점업,7975323097.318412
816,202007,경남,한식 음식점업,100484186389.4197
817,202007,경남,호텔업,722662368.8588892
818,202007,경남,화장품 및 방향제 소매업,7533671817.403625
819,202007,경남,휴양콘도 운영업,562929633.299884
820,202007,경북,건강보조식품 소매업,2558600366.6124187
821,202007,경북,골프장 운영업,12922050478.151232
822,202007,경북,과실 및 채소 소매업,10147936149.125834
823,202007,경북,관광 민예품 및 선물용품 소매업,231454021.247353
824,202007,경북,그외 기타 분류안된 오락관련 서비스업,44637313.66319415
825,202007,경북,그외 기타 스포츠시설 운영업,109912250.29024522
826,202007,경북,그외 기타 종합 소매업,2803439218.1660066
827,202007,경북,기타 대형 종합 소매업,68897899826.3509
828,202007,경북,기타 수상오락 서비스업,68088871.38580841
829,202007,경북,기타 외국식 음식점업,8170983918.357703
830,202007,경북,기타 주점업,6671378399.39218
831,202007,경북,기타음식료품위주종합소매업,40059350955.50487
832,202007,경북,내항 여객 운송업,105397562.46908544
833,202007,경북,마사지업,1576524559.049252
834,202007,경북,면세점,15966443.233138032
835,202007,경북,버스 운송업,11750291.499349896
836,202007,경북,비알콜 음료점업,3179043338.7386303
837,202007,경북,빵 및 과자류 소매업,8909782383.121391
838,202007,경북,서양식 음식점업,9096778555.19132
839,202007,경북,수산물 소매업,6290460270.1144905
840,202007,경북,슈퍼마켓,103881454754.71274
841,202007,경북,스포츠 및 레크레이션 용품 임대업,34731364807.625275
842,202007,경북,여관업,2805065660.1210017
843,202007,경북,여행사업,740703187.1835201
844,202007,경북,욕탕업,4132332699.278284
845,202007,경북,육류 소매업,29848449734.700153
846,202007,경북,일반유흥 주점업,31877928349.845913
847,202007,경북,일식 음식점업,3948885427.2021446
848,202007,경북,자동차 임대업,332986900.39027536
849,202007,경북,전시 및 행사 대행업,231798525.775848
850,202007,경북,정기 항공 운송업,16124428.229823502
851,202007,경북,중식 음식점업,5269693138.787134
852,202007,경북,차량용 가스 충전업,7078083346.590642
853,202007,경북,차량용 주유소 운영업,124733745559.2008
854,202007,경북,체인화 편의점,15590237113.010464
855,202007,경북,택시 운송업,9239518.717393287
856,202007,경북,피자 햄버거 샌드위치 및 유사 음식점업,5745258173.990549
857,202007,경북,한식 음식점업,64864066008.20319
858,202007,경북,호텔업,586904185.3138428
859,202007,경북,화장품 및 방향제 소매업,7448487458.393444
860,202007,경북,휴양콘도 운영업,311867087.26685184
861,202007,광주,건강보조식품 소매업,2080887873.784125
862,202007,광주,골프장 운영업,1924137835.0546813
863,202007,광주,과실 및 채소 소매업,9494958397.288385
864,202007,광주,관광 민예품 및 선물용품 소매업,189633501.95121646
865,202007,광주,그외 기타 분류안된 오락관련 서비스업,13255563.659125548
866,202007,광주,그외 기타 스포츠시설 운영업,95034311.45289314
867,202007,광주,그외 기타 종합 소매업,16265458523.910162
868,202007,광주,기타 대형 종합 소매업,76336078586.68318
869,202007,광주,기타 수상오락 서비스업,40386839.49478446
870,202007,광주,기타 외국식 음식점업,6932542028.418568
871,202007,광주,기타 주점업,3867094034.070201
872,202007,광주,기타음식료품위주종합소매업,9976467041.075424
873,202007,광주,내항 여객 운송업,183879960.26287717
874,202007,광주,마사지업,3665710543.2473197
875,202007,광주,면세점,81673246.8133092
876,202007,광주,버스 운송업,42151152.61417588
877,202007,광주,비알콜 음료점업,4039929812.09123
878,202007,광주,빵 및 과자류 소매업,11076055785.786404
879,202007,광주,서양식 음식점업,16628634872.781452
880,202007,광주,수산물 소매업,6035609757.308561
881,202007,광주,슈퍼마켓,102006799786.37888
882,202007,광주,스포츠 및 레크레이션 용품 임대업,22190853125.36884
883,202007,광주,여관업,2217061116.7808776
884,202007,광주,여행사업,483266910.22827613
885,202007,광주,욕탕업,4465684280.233532
886,202007,광주,육류 소매업,25963903021.336853
887,202007,광주,일반유흥 주점업,8656325832.618874
888,202007,광주,일식 음식점업,5108632134.248312
889,202007,광주,자동차 임대업,1086370093.9175093
890,202007,광주,전시 및 행사 대행업,1065507173.93155
891,202007,광주,정기 항공 운송업,3467373.7988529745
892,202007,광주,중식 음식점업,6814932774.480698
893,202007,광주,차량용 가스 충전업,4710495330.66716
894,202007,광주,차량용 주유소 운영업,57753692315.76171
895,202007,광주,체인화 편의점,20027323692.976444
896,202007,광주,택시 운송업,1301359124.9039235
897,202007,광주,피자 햄버거 샌드위치 및 유사 음식점업,5913596616.452822
898,202007,광주,한식 음식점업,76744690191.49997
899,202007,광주,호텔업,632658961.7093985
900,202007,광주,화장품 및 방향제 소매업,5930414954.244832
901,202007,광주,휴양콘도 운영업,12951589.582793357
902,202007,대구,건강보조식품 소매업,3064010041.6697383
903,202007,대구,골프장 운영업,2730447170.705684
904,202007,대구,과실 및 채소 소매업,16990079813.12086
905,202007,대구,관광 민예품 및 선물용품 소매업,308302543.2787408
906,202007,대구,그외 기타 분류안된 오락관련 서비스업,23104688.168455698
907,202007,대구,그외 기타 스포츠시설 운영업,126197945.00170767
908,202007,대구,그외 기타 종합 소매업,26937498191.684044
909,202007,대구,기타 대형 종합 소매업,109806023959.75388
910,202007,대구,기타 수상오락 서비스업,54822740.79257611
911,202007,대구,기타 외국식 음식점업,9959430189.417221
912,202007,대구,기타 주점업,3822675577.096439
913,202007,대구,기타음식료품위주종합소매업,17033165367.129528
914,202007,대구,내항 여객 운송업,454183602.6817736
915,202007,대구,마사지업,2537727306.838298
916,202007,대구,면세점,11361498734.904823
917,202007,대구,버스 운송업,44685705.32900568
918,202007,대구,비알콜 음료점업,9648733100.299665
919,202007,대구,빵 및 과자류 소매업,16027595884.586645
920,202007,대구,서양식 음식점업,26717885720.40052
921,202007,대구,수산물 소매업,8371096759.699057
922,202007,대구,슈퍼마켓,150563397383.98404
923,202007,대구,스포츠 및 레크레이션 용품 임대업,32018290589.201366
924,202007,대구,여관업,3111908690.837246
925,202007,대구,여행사업,7535782405.735098
926,202007,대구,욕탕업,6047347037.775429
927,202007,대구,육류 소매업,37847376893.07492
928,202007,대구,일반유흥 주점업,10252862857.313604
929,202007,대구,일식 음식점업,8264788676.511267
930,202007,대구,자동차 임대업,1102101618.7118726
931,202007,대구,전시 및 행사 대행업,1962879020.1258876
932,202007,대구,정기 항공 운송업,3341931628.240324
933,202007,대구,중식 음식점업,10643151307.115063
934,202007,대구,차량용 가스 충전업,7190670169.639074
935,202007,대구,차량용 주유소 운영업,82856662586.68962
936,202007,대구,체인화 편의점,31230260039.47845
937,202007,대구,택시 운송업,37356823972.57783
938,202007,대구,피자 햄버거 샌드위치 및 유사 음식점업,8842858879.503939
939,202007,대구,한식 음식점업,111835694748.6606
940,202007,대구,호텔업,2758882000.4236345
941,202007,대구,화장품 및 방향제 소매업,9952740155.253397
942,202007,대구,휴양콘도 운영업,24249016.503238432
943,202007,대전,건강보조식품 소매업,1606205726.791199
944,202007,대전,골프장 운영업,3252660084.408778
945,202007,대전,과실 및 채소 소매업,10199048096.10338
946,202007,대전,관광 민예품 및 선물용품 소매업,181693933.72119015
947,202007,대전,그외 기타 분류안된 오락관련 서비스업,12057242.322528265
948,202007,대전,그외 기타 스포츠시설 운영업,60997865.18549834
949,202007,대전,그외 기타 종합 소매업,9414126779.01156
950,202007,대전,기타 대형 종합 소매업,29138350081.287354
951,202007,대전,기타 수상오락 서비스업,31848421.731152922
952,202007,대전,기타 외국식 음식점업,4894284838.535311
953,202007,대전,기타 주점업,1826725950.16663
954,202007,대전,기타음식료품위주종합소매업,7935899891.974915
955,202007,대전,내항 여객 운송업,383555838.087904
956,202007,대전,마사지업,1430410842.3417413
957,202007,대전,면세점,10922920575.893658
958,202007,대전,버스 운송업,25823052.373988383
959,202007,대전,비알콜 음료점업,5589668340.165578
960,202007,대전,빵 및 과자류 소매업,6485573479.0599785
961,202007,대전,서양식 음식점업,12788789467.840578
962,202007,대전,수산물 소매업,5032816556.420642
963,202007,대전,슈퍼마켓,67430569164.68086
964,202007,대전,스포츠 및 레크레이션 용품 임대업,16916195318.646519
965,202007,대전,여관업,1342915607.0032542
966,202007,대전,여행사업,2598330705.359881
967,202007,대전,욕탕업,2267377639.8964896
968,202007,대전,육류 소매업,16698051341.459154
969,202007,대전,일반유흥 주점업,5064590518.711028
970,202007,대전,일식 음식점업,4542909140.184467
971,202007,대전,자동차 임대업,394181233.20946085
972,202007,대전,전시 및 행사 대행업,883261800.9771601
973,202007,대전,정기 항공 운송업,3338997865.4952893
974,202007,대전,중식 음식점업,5762896221.859077
975,202007,대전,차량용 가스 충전업,2862193780.640749
976,202007,대전,차량용 주유소 운영업,38494302570.03671
977,202007,대전,체인화 편의점,17257209456.78472
978,202007,대전,택시 운송업,31761800434.762836
979,202007,대전,피자 햄버거 샌드위치 및 유사 음식점업,2914767042.619095
980,202007,대전,한식 음식점업,51444498395.04613
981,202007,대전,호텔업,1952494437.473105
982,202007,대전,화장품 및 방향제 소매업,4926189695.63317
983,202007,대전,휴양콘도 운영업,13165394.285503231
984,202007,부산,건강보조식품 소매업,5664495053.517106
985,202007,부산,골프장 운영업,6369259554.295827
986,202007,부산,과실 및 채소 소매업,24215936179.8343
987,202007,부산,관광 민예품 및 선물용품 소매업,430352827.9977821
988,202007,부산,그외 기타 분류안된 오락관련 서비스업,35170640.43741076
989,202007,부산,그외 기타 스포츠시설 운영업,186158398.05726874
990,202007,부산,그외 기타 종합 소매업,27409791275.20532
991,202007,부산,기타 대형 종합 소매업,187528810331.85687
992,202007,부산,기타 수상오락 서비스업,80632517.0877142
993,202007,부산,기타 외국식 음식점업,15081754352.526833
994,202007,부산,기타 주점업,10527379979.683582
995,202007,부산,기타음식료품위주종합소매업,16406790273.713224
996,202007,부산,내항 여객 운송업,1945116640.102876
997,202007,부산,마사지업,4277370679.1828766
998,202007,부산,면세점,15970428503.827702
999,202007,부산,버스 운송업,65781967.71572594
1000,202007,부산,비알콜 음료점업,11822580507.401659
1001,202007,부산,빵 및 과자류 소매업,22189335142.52422
1002,202007,부산,서양식 음식점업,38595231694.025406
1003,202007,부산,수산물 소매업,10894042933.873707
1004,202007,부산,슈퍼마켓,192765808747.52307
1005,202007,부산,스포츠 및 레크레이션 용품 임대업,39686241093.963135
1006,202007,부산,여관업,5017545479.324954
1007,202007,부산,여행사업,6770334211.115441
1008,202007,부산,욕탕업,9417253400.936153
1009,202007,부산,육류 소매업,49334089007.84945
1010,202007,부산,일반유흥 주점업,19593712443.104206
1011,202007,부산,일식 음식점업,14259748026.83294
1012,202007,부산,자동차 임대업,2012914952.561308
1013,202007,부산,전시 및 행사 대행업,1364875653.3258307
1014,202007,부산,정기 항공 운송업,20547047199.347397
1015,202007,부산,중식 음식점업,15194939564.728436
1016,202007,부산,차량용 가스 충전업,7953664149.525048
1017,202007,부산,차량용 주유소 운영업,119844817339.31459
1018,202007,부산,체인화 편의점,49591880196.032364
1019,202007,부산,택시 운송업,38555365034.7659
1020,202007,부산,피자 햄버거 샌드위치 및 유사 음식점업,13155682205.05928
1021,202007,부산,한식 음식점업,177484880832.54968
1022,202007,부산,호텔업,4770693693.705291
1023,202007,부산,화장품 및 방향제 소매업,14530817385.58672
1024,202007,부산,휴양콘도 운영업,481836666.9742961
1025,202007,서울,건강보조식품 소매업,8172744573.219432
1026,202007,서울,골프장 운영업,1605489638.4711893
1027,202007,서울,과실 및 채소 소매업,32415576969.42217
1028,202007,서울,관광 민예품 및 선물용품 소매업,1290653636.0774047
1029,202007,서울,그외 기타 분류안된 오락관련 서비스업,51524925.48068626
1030,202007,서울,그외 기타 스포츠시설 운영업,354025745.5772037
1031,202007,서울,그외 기타 종합 소매업,44507708609.07769
1032,202007,서울,기타 대형 종합 소매업,201742700256.62213
1033,202007,서울,기타 수상오락 서비스업,161447718.80334362
1034,202007,서울,기타 외국식 음식점업,21848244281.767643
1035,202007,서울,기타 주점업,12036144790.669163
1036,202007,서울,기타음식료품위주종합소매업,37543398310.5243
1037,202007,서울,내항 여객 운송업,1836207428.2467923
1038,202007,서울,마사지업,7440660429.87842
1039,202007,서울,면세점,18039748694.525074
1040,202007,서울,버스 운송업,12125139277.759111
1041,202007,서울,비알콜 음료점업,19138050023.42169
1042,202007,서울,빵 및 과자류 소매업,42116766035.01275
1043,202007,서울,서양식 음식점업,58914149401.01215
1044,202007,서울,수산물 소매업,14450647928.531221
1045,202007,서울,슈퍼마켓,252067752542.45404
1046,202007,서울,스포츠 및 레크레이션 용품 임대업,49838374922.075386
1047,202007,서울,여관업,7974889570.64953
1048,202007,서울,여행사업,8520560494.525669
1049,202007,서울,욕탕업,11305156759.551062
1050,202007,서울,육류 소매업,71338423606.77277
1051,202007,서울,일반유흥 주점업,17008634902.21832
1052,202007,서울,일식 음식점업,26700828701.174526
1053,202007,서울,자동차 임대업,2214449331.0025935
1054,202007,서울,전시 및 행사 대행업,3047768472.6995463
1055,202007,서울,정기 항공 운송업,30169969359.189137
1056,202007,서울,중식 음식점업,27389432252.62474
1057,202007,서울,차량용 가스 충전업,6429956997.442451
1058,202007,서울,차량용 주유소 운영업,98168909898.37192
1059,202007,서울,체인화 편의점,87608592022.84367
1060,202007,서울,택시 운송업,51316470895.32392
1061,202007,서울,피자 햄버거 샌드위치 및 유사 음식점업,20547055576.097134
1062,202007,서울,한식 음식점업,259930646443.41962
1063,202007,서울,호텔업,12793122615.610058
1064,202007,서울,화장품 및 방향제 소매업,26743486029.20594
1065,202007,서울,휴양콘도 운영업,30831945.404480148
1066,202007,세종,건강보조식품 소매업,140716522.05270728
1067,202007,세종,골프장 운영업,251782788.61130396
1068,202007,세종,과실 및 채소 소매업,738317601.7310425
1069,202007,세종,관광 민예품 및 선물용품 소매업,9189666.723027516
1070,202007,세종,그외 기타 분류안된 오락관련 서비스업,4738947.773175793
1071,202007,세종,그외 기타 스포츠시설 운영업,5549566.243291408
1072,202007,세종,그외 기타 종합 소매업,81350729.01378891
1073,202007,세종,기타 대형 종합 소매업,4714976698.210662
1074,202007,세종,기타 수상오락 서비스업,2232313.4350169506
1075,202007,세종,기타 외국식 음식점업,562939474.746481
1076,202007,세종,기타 주점업,379182806.5296497
1077,202007,세종,기타음식료품위주종합소매업,2806905377.408253
1078,202007,세종,내항 여객 운송업,615989.068085919
1079,202007,세종,마사지업,279468816.3445769
1080,202007,세종,면세점,582921.7513383473
1081,202007,세종,버스 운송업,237349.12865304013
1082,202007,세종,비알콜 음료점업,253546075.1485083
1083,202007,세종,빵 및 과자류 소매업,520011279.40937334
1084,202007,세종,서양식 음식점업,848339330.4373859
1085,202007,세종,수산물 소매업,419364122.9520564
1086,202007,세종,슈퍼마켓,3976357497.7176547
1087,202007,세종,스포츠 및 레크레이션 용품 임대업,1337377015.968193
1088,202007,세종,여관업,103185660.81997338
1089,202007,세종,여행사업,590399.7126700925
1090,202007,세종,욕탕업,230638537.19751254
1091,202007,세종,육류 소매업,1057510643.4275944
1092,202007,세종,일반유흥 주점업,800497751.9413368
1093,202007,세종,일식 음식점업,264004453.5628562
1094,202007,세종,자동차 임대업,281854.3603576122
1095,202007,세종,전시 및 행사 대행업,14514509.701694865
1096,202007,세종,정기 항공 운송업,638916.4442340132
1097,202007,세종,중식 음식점업,447989001.12600577
1098,202007,세종,차량용 가스 충전업,230401209.00953162
1099,202007,세종,차량용 주유소 운영업,5684115269.590109
1100,202007,세종,체인화 편의점,1267934730.779527
1101,202007,세종,택시 운송업,185980.96329844208
1102,202007,세종,피자 햄버거 샌드위치 및 유사 음식점업,555383257.8700613
1103,202007,세종,한식 음식점업,4395073334.429268
1104,202007,세종,호텔업,623448.6298009346
1105,202007,세종,화장품 및 방향제 소매업,364983700.75798833
1106,202007,세종,휴양콘도 운영업,664468.1376207182
1107,202007,울산,건강보조식품 소매업,1943021256.7225978
1108,202007,울산,골프장 운영업,2586207206.017185
1109,202007,울산,과실 및 채소 소매업,10454303979.503984
1110,202007,울산,관광 민예품 및 선물용품 소매업,225728900.417849
1111,202007,울산,그외 기타 분류안된 오락관련 서비스업,17124394.353838697
1112,202007,울산,그외 기타 스포츠시설 운영업,53354046.75585799
1113,202007,울산,그외 기타 종합 소매업,17518979329.731815
1114,202007,울산,기타 대형 종합 소매업,62583403593.734085
1115,202007,울산,기타 수상오락 서비스업,37018982.950514935
1116,202007,울산,기타 외국식 음식점업,5204924128.37957
1117,202007,울산,기타 주점업,2504883513.6352706
1118,202007,울산,기타음식료품위주종합소매업,12761978262.028015
1119,202007,울산,내항 여객 운송업,452074813.6793388
1120,202007,울산,마사지업,1508681553.8702726
1121,202007,울산,면세점,10922996006.871595
1122,202007,울산,버스 운송업,24000881.978247724
1123,202007,울산,비알콜 음료점업,6607016796.665316
1124,202007,울산,빵 및 과자류 소매업,8041754231.432995
1125,202007,울산,서양식 음식점업,15315172637.39529
1126,202007,울산,수산물 소매업,4587586454.098755
1127,202007,울산,슈퍼마켓,77634931344.76735
1128,202007,울산,스포츠 및 레크레이션 용품 임대업,18715069962.70094
1129,202007,울산,여관업,1796564624.4826505
1130,202007,울산,여행사업,2626113574.523577
1131,202007,울산,욕탕업,3477718121.8742146
1132,202007,울산,육류 소매업,23272771336.54579
1133,202007,울산,일반유흥 주점업,8307742231.789553
1134,202007,울산,일식 음식점업,5127654900.34177
1135,202007,울산,자동차 임대업,1106308450.3849006
1136,202007,울산,전시 및 행사 대행업,972490265.0296798
1137,202007,울산,정기 항공 운송업,3339183659.445443
1138,202007,울산,중식 음식점업,6582448115.993081
1139,202007,울산,차량용 가스 충전업,3860390495.548917
1140,202007,울산,차량용 주유소 운영업,50832097407.09287
1141,202007,울산,체인화 편의점,18969007903.910942
1142,202007,울산,택시 운송업,32925847658.59989
1143,202007,울산,피자 햄버거 샌드위치 및 유사 음식점업,4829027341.844043
1144,202007,울산,한식 음식점업,65385024835.89239
1145,202007,울산,호텔업,2054878185.4172807
1146,202007,울산,화장품 및 방향제 소매업,5934529796.341078
1147,202007,울산,휴양콘도 운영업,22790963.751568902
1148,202007,인천,건강보조식품 소매업,3614516755.9119124
1149,202007,인천,골프장 운영업,3094118068.534686
1150,202007,인천,과실 및 채소 소매업,15535511377.918348
1151,202007,인천,관광 민예품 및 선물용품 소매업,253765333.8392642
1152,202007,인천,그외 기타 분류안된 오락관련 서비스업,23215631.520319443
1153,202007,인천,그외 기타 스포츠시설 운영업,125086858.80579072
1154,202007,인천,그외 기타 종합 소매업,13645125822.292904
1155,202007,인천,기타 대형 종합 소매업,78984834222.708
1156,202007,인천,기타 수상오락 서비스업,111292634.00326878
1157,202007,인천,기타 외국식 음식점업,10260615176.581074
1158,202007,인천,기타 주점업,5578671435.487893
1159,202007,인천,기타음식료품위주종합소매업,10546170495.42603
1160,202007,인천,내항 여객 운송업,535070837.3781216
1161,202007,인천,마사지업,3388493685.6190686
1162,202007,인천,면세점,11122611764.532415
1163,202007,인천,버스 운송업,43669380.86102071
1164,202007,인천,비알콜 음료점업,7181329921.839947
1165,202007,인천,빵 및 과자류 소매업,12106940806.057083
1166,202007,인천,서양식 음식점업,22008969856.77629
1167,202007,인천,수산물 소매업,6441680155.82528
1168,202007,인천,슈퍼마켓,124270716324.04362
1169,202007,인천,스포츠 및 레크레이션 용품 임대업,26320694770.1064
1170,202007,인천,여관업,2833426725.1820164
1171,202007,인천,여행사업,3075963497.5923295
1172,202007,인천,욕탕업,4641831544.748397
1173,202007,인천,육류 소매업,30796244006.96977
1174,202007,인천,일반유흥 주점업,9936736258.58067
1175,202007,인천,일식 음식점업,8315380094.9071045
1176,202007,인천,자동차 임대업,907998137.7891212
1177,202007,인천,전시 및 행사 대행업,1076417112.399161
1178,202007,인천,정기 항공 운송업,3342683959.1764045
1179,202007,인천,중식 음식점업,9861386972.947365
1180,202007,인천,차량용 가스 충전업,4555588431.940519
1181,202007,인천,차량용 주유소 운영업,67933109909.39436
1182,202007,인천,체인화 편의점,29659046411.17517
1183,202007,인천,택시 운송업,32412337406.515434
1184,202007,인천,피자 햄버거 샌드위치 및 유사 음식점업,6598644697.532808
1185,202007,인천,한식 음식점업,93275762064.45576
1186,202007,인천,호텔업,3051366025.429738
1187,202007,인천,화장품 및 방향제 소매업,8302011613.291141
1188,202007,인천,휴양콘도 운영업,27346815.120013822
1189,202007,전남,건강보조식품 소매업,2361815323.643065
1190,202007,전남,골프장 운영업,9548274759.467632
1191,202007,전남,과실 및 채소 소매업,9721323740.069876
1192,202007,전남,관광 민예품 및 선물용품 소매업,127877178.28387564
1193,202007,전남,그외 기타 분류안된 오락관련 서비스업,42946252.045251675
1194,202007,전남,그외 기타 스포츠시설 운영업,115584117.46603216
1195,202007,전남,그외 기타 종합 소매업,15999812740.171751
1196,202007,전남,기타 대형 종합 소매업,33738435659.802498
1197,202007,전남,기타 수상오락 서비스업,56915246.469689324
1198,202007,전남,기타 외국식 음식점업,4979593067.494146
1199,202007,전남,기타 주점업,7758309455.912114
1200,202007,전남,기타음식료품위주종합소매업,41501880191.64236
1201,202007,전남,내항 여객 운송업,102371962.90888286
1202,202007,전남,마사지업,3345857880.584038
1203,202007,전남,면세점,160925485.77440527
1204,202007,전남,버스 운송업,21138875.639603928
1205,202007,전남,비알콜 음료점업,2563901610.5198703
1206,202007,전남,빵 및 과자류 소매업,6194774099.706326
1207,202007,전남,서양식 음식점업,7424851177.395745
1208,202007,전남,수산물 소매업,5482879969.69862
1209,202007,전남,슈퍼마켓,76393224050.49454
1210,202007,전남,스포츠 및 레크레이션 용품 임대업,20930405547.077374
1211,202007,전남,여관업,2487018302.601398
1212,202007,전남,여행사업,673480189.4323686
1213,202007,전남,욕탕업,1916927836.4621606
1214,202007,전남,육류 소매업,16803410616.965326
1215,202007,전남,일반유흥 주점업,24266557490.614216
1216,202007,전남,일식 음식점업,3813842720.443142
1217,202007,전남,자동차 임대업,730891867.4274889
1218,202007,전남,전시 및 행사 대행업,647548329.865987
1219,202007,전남,정기 항공 운송업,14576243.969920974
1220,202007,전남,중식 음식점업,4433225832.880586
1221,202007,전남,차량용 가스 충전업,5264192237.567848
1222,202007,전남,차량용 주유소 운영업,112891507531.1954
1223,202007,전남,체인화 편의점,9749471676.017689
1224,202007,전남,택시 운송업,5750009.023026764
1225,202007,전남,피자 햄버거 샌드위치 및 유사 음식점업,4133459139.5139227
1226,202007,전남,한식 음식점업,59330357644.15838
1227,202007,전남,호텔업,441155982.2611609
1228,202007,전남,화장품 및 방향제 소매업,5504011127.727544
1229,202007,전남,휴양콘도 운영업,708512773.6337152
1230,202007,전북,건강보조식품 소매업,2324902851.1448326
1231,202007,전북,골프장 운영업,4995942383.370893
1232,202007,전북,과실 및 채소 소매업,7648680866.579099
1233,202007,전북,관광 민예품 및 선물용품 소매업,182324979.86533952
1234,202007,전북,그외 기타 분류안된 오락관련 서비스업,25681757.646306586
1235,202007,전북,그외 기타 스포츠시설 운영업,85416216.11261398
1236,202007,전북,그외 기타 종합 소매업,5730893110.995065
1237,202007,전북,기타 대형 종합 소매업,52313449342.41946
1238,202007,전북,기타 수상오락 서비스업,60758332.86707831
1239,202007,전북,기타 외국식 음식점업,6397758771.462684
1240,202007,전북,기타 주점업,5385880854.434927
1241,202007,전북,기타음식료품위주종합소매업,21492925594.03851
1242,202007,전북,내항 여객 운송업,165637317.42831972
1243,202007,전북,마사지업,2554286808.5224833
1244,202007,전북,면세점,10329404.610896118
1245,202007,전북,버스 운송업,2896421068.3311324
1246,202007,전북,비알콜 음료점업,3189609604.323765
1247,202007,전북,빵 및 과자류 소매업,5935845195.49929
1248,202007,전북,서양식 음식점업,10764977316.342361
1249,202007,전북,수산물 소매업,6157139202.115085
1250,202007,전북,슈퍼마켓,85962950411.54231
1251,202007,전북,스포츠 및 레크레이션 용품 임대업,22817111288.86213
1252,202007,전북,여관업,2497637701.325843
1253,202007,전북,여행사업,232892774.28947416
1254,202007,전북,욕탕업,3031620950.6851
1255,202007,전북,육류 소매업,20238905686.881275
1256,202007,전북,일반유흥 주점업,17050582827.105469
1257,202007,전북,일식 음식점업,4089106116.4704328
1258,202007,전북,자동차 임대업,953514567.4978439
1259,202007,전북,전시 및 행사 대행업,117190111.13308682
1260,202007,전북,정기 항공 운송업,1206888884.1504729
1261,202007,전북,중식 음식점업,4602567838.020243
1262,202007,전북,차량용 가스 충전업,4857674010.704208
1263,202007,전북,차량용 주유소 운영업,77613209895.79578
1264,202007,전북,체인화 편의점,9494304599.201843
1265,202007,전북,택시 운송업,35365439.9456788
1266,202007,전북,피자 햄버거 샌드위치 및 유사 음식점업,4340482155.553947
1267,202007,전북,한식 음식점업,52343965058.57993
1268,202007,전북,호텔업,90055001.5805433
1269,202007,전북,화장품 및 방향제 소매업,5501085335.502562
1270,202007,전북,휴양콘도 운영업,402541205.8680874
1271,202007,제주,건강보조식품 소매업,713003528.9014887
1272,202007,제주,골프장 운영업,4637927630.370485
1273,202007,제주,과실 및 채소 소매업,2025506233.405513
1274,202007,제주,관광 민예품 및 선물용품 소매업,1067316581.4003602
1275,202007,제주,그외 기타 분류안된 오락관련 서비스업,44716715.8387209
1276,202007,제주,그외 기타 스포츠시설 운영업,29894485.730776165
1277,202007,제주,그외 기타 종합 소매업,7643786550.956716
1278,202007,제주,기타 대형 종합 소매업,9859602768.837994
1279,202007,제주,기타 수상오락 서비스업,23435882.888058063
1280,202007,제주,기타 외국식 음식점업,1952618279.078035
1281,202007,제주,기타 주점업,3804665888.771288
1282,202007,제주,기타음식료품위주종합소매업,8397104488.931518
1283,202007,제주,내항 여객 운송업,331602631.82674575
1284,202007,제주,마사지업,482700943.64577454
1285,202007,제주,면세점,4316682705.636563
1286,202007,제주,버스 운송업,855344.3975853543
1287,202007,제주,비알콜 음료점업,651516211.6894046
1288,202007,제주,빵 및 과자류 소매업,2330415710.17799
1289,202007,제주,서양식 음식점업,3963319475.3438315
1290,202007,제주,수산물 소매업,1201485421.723844
1291,202007,제주,슈퍼마켓,29895276892.320538
1292,202007,제주,스포츠 및 레크레이션 용품 임대업,7970555272.515918
1293,202007,제주,여관업,614661535.2238219
1294,202007,제주,여행사업,55525676.00669723
1295,202007,제주,욕탕업,783677542.1822261
1296,202007,제주,육류 소매업,5166771925.594158
1297,202007,제주,일반유흥 주점업,5134123841.815707
1298,202007,제주,일식 음식점업,1324645753.91846
1299,202007,제주,자동차 임대업,393432862.6089336
1300,202007,제주,전시 및 행사 대행업,127393407.30168287
1301,202007,제주,정기 항공 운송업,1963474101.61007
1302,202007,제주,중식 음식점업,2366493004.67036
1303,202007,제주,차량용 가스 충전업,1682628311.4141066
1304,202007,제주,차량용 주유소 운영업,15740685142.937485
1305,202007,제주,체인화 편의점,4644045229.16479
1306,202007,제주,택시 운송업,2795664.617529625
1307,202007,제주,피자 햄버거 샌드위치 및 유사 음식점업,1175460910.7938359
1308,202007,제주,한식 음식점업,20813847588.101463
1309,202007,제주,호텔업,1982189756.1098564
1310,202007,제주,화장품 및 방향제 소매업,2880610732.6056952
1311,202007,제주,휴양콘도 운영업,455943257.79579073
1312,202007,충남,건강보조식품 소매업,4381958443.069112
1313,202007,충남,골프장 운영업,2220554760.4779873
1314,202007,충남,과실 및 채소 소매업,6839009318.397567
1315,202007,충남,관광 민예품 및 선물용품 소매업,226072752.08970556
1316,202007,충남,그외 기타 분류안된 오락관련 서비스업,36725950.28678332
1317,202007,충남,그외 기타 스포츠시설 운영업,110200292.00281715
1318,202007,충남,그외 기타 종합 소매업,11175563483.829878
1319,202007,충남,기타 대형 종합 소매업,36171671485.22896
1320,202007,충남,기타 수상오락 서비스업,109879794.16860212
1321,202007,충남,기타 외국식 음식점업,6043282290.288466
1322,202007,충남,기타 주점업,4755413953.187612
1323,202007,충남,기타음식료품위주종합소매업,30246035820.754353
1324,202007,충남,내항 여객 운송업,67269165.98814078
1325,202007,충남,마사지업,1617414042.8375342
1326,202007,충남,면세점,13559461.21007028
1327,202007,충남,버스 운송업,8219752.436959234
1328,202007,충남,비알콜 음료점업,1406027450.2178397
1329,202007,충남,빵 및 과자류 소매업,5055330699.023253
1330,202007,충남,서양식 음식점업,6247507474.398055
1331,202007,충남,수산물 소매업,4851723557.338759
1332,202007,충남,슈퍼마켓,50913557533.46632
1333,202007,충남,스포츠 및 레크레이션 용품 임대업,18139938780.40464
1334,202007,충남,여관업,2328421685.6785135
1335,202007,충남,여행사업,748648024.8761317
1336,202007,충남,욕탕업,2016507199.9636002
1337,202007,충남,육류 소매업,20343610382.89324
1338,202007,충남,일반유흥 주점업,16717067827.749382
1339,202007,충남,일식 음식점업,5115982109.719856
1340,202007,충남,자동차 임대업,682038306.6116574
1341,202007,충남,전시 및 행사 대행업,148799550.23018184
1342,202007,충남,정기 항공 운송업,40688779.49119638
1343,202007,충남,중식 음식점업,5831094058.342996
1344,202007,충남,차량용 가스 충전업,4292943834.8970737
1345,202007,충남,차량용 주유소 운영업,67068006716.37134
1346,202007,충남,체인화 편의점,11883023323.832912
1347,202007,충남,택시 운송업,4726895.607761515
1348,202007,충남,피자 햄버거 샌드위치 및 유사 음식점업,3584580791.1451902
1349,202007,충남,한식 음식점업,39332939025.26214
1350,202007,충남,호텔업,217242580.15555176
1351,202007,충남,화장품 및 방향제 소매업,5547279299.238289
1352,202007,충남,휴양콘도 운영업,316471151.26154923
1353,202007,충북,건강보조식품 소매업,1947509597.0043097
1354,202007,충북,골프장 운영업,4176219804.945451
1355,202007,충북,과실 및 채소 소매업,5259782958.408232
1356,202007,충북,관광 민예품 및 선물용품 소매업,125990264.50979303
1357,202007,충북,그외 기타 분류안된 오락관련 서비스업,20831958.902728815
1358,202007,충북,그외 기타 스포츠시설 운영업,79935057.01772651
1359,202007,충북,그외 기타 종합 소매업,20011316780.713932
1360,202007,충북,기타 대형 종합 소매업,24631984816.933025
1361,202007,충북,기타 수상오락 서비스업,55583614.98441641
1362,202007,충북,기타 외국식 음식점업,5940983272.729439
1363,202007,충북,기타 주점업,4589050136.362947
1364,202007,충북,기타음식료품위주종합소매업,16296297384.190395
1365,202007,충북,내항 여객 운송업,45619001.79468291
1366,202007,충북,마사지업,1529337947.7699106
1367,202007,충북,면세점,50080968.576964915
1368,202007,충북,버스 운송업,5912385.561199317
1369,202007,충북,비알콜 음료점업,1847176833.092673
1370,202007,충북,빵 및 과자류 소매업,4478714826.046153
1371,202007,충북,서양식 음식점업,6273727484.936054
1372,202007,충북,수산물 소매업,1861353667.321801
1373,202007,충북,슈퍼마켓,66635460244.76089
1374,202007,충북,스포츠 및 레크레이션 용품 임대업,18705383067.990753
1375,202007,충북,여관업,1817902004.4305863
1376,202007,충북,여행사업,35908573.816524915
1377,202007,충북,욕탕업,1239292534.2678566
1378,202007,충북,육류 소매업,16090187363.596994
1379,202007,충북,일반유흥 주점업,11949498263.657732
1380,202007,충북,일식 음식점업,4080242185.962477
1381,202007,충북,자동차 임대업,165129285.3676706
1382,202007,충북,전시 및 행사 대행업,88936325.36739096
1383,202007,충북,정기 항공 운송업,9968936.089769712
1384,202007,충북,중식 음식점업,3985008202.139906
1385,202007,충북,차량용 가스 충전업,3447284970.8171787
1386,202007,충북,차량용 주유소 운영업,48462919941.86964
1387,202007,충북,체인화 편의점,10342098681.35036
1388,202007,충북,택시 운송업,7355778.411092932
1389,202007,충북,피자 햄버거 샌드위치 및 유사 음식점업,3585831763.105106
1390,202007,충북,한식 음식점업,33282974866.987072
1391,202007,충북,호텔업,185828628.17703277
1392,202007,충북,화장품 및 방향제 소매업,3955902056.158918
1393,202007,충북,휴양콘도 운영업,140258524.01907548
